experiment,implementation,repetition,nodes,ranks,ranks_per_host,chunk_size,width,height,target_area,actual_area,runtime_seconds,exit_status,stdout_log,stderr_log
chunk_size,dynamic_blocking,1,2,8,4,31,1000,1000,1000000,1000000,5.372856099857017,0,logs/run_001_chunk_size_dynamic_blocking_r1.out,logs/run_001_chunk_size_dynamic_blocking_r1.err
chunk_size,dynamic_nonblocking,1,2,8,4,125,1000,1000,1000000,1000000,9.126998334890231,0,logs/run_002_chunk_size_dynamic_nonblocking_r1.out,logs/run_002_chunk_size_dynamic_nonblocking_r1.err
image_area,static_nonblocking,1,2,8,4,10,673,673,453333.3333333333,452929,2.620379117084667,0,logs/run_003_image_area_static_nonblocking_r1.out,logs/run_003_image_area_static_nonblocking_r1.err
nodes,dynamic_nonblocking,1,2,8,4,10,1000,1000,1000000,1000000,4.822565897135064,0,logs/run_004_nodes_dynamic_nonblocking_r1.out,logs/run_004_nodes_dynamic_nonblocking_r1.err
chunk_size,dynamic_blocking,1,2,8,4,62,1000,1000,1000000,1000000,6.023620725842193,0,logs/run_005_chunk_size_dynamic_blocking_r1.out,logs/run_005_chunk_size_dynamic_blocking_r1.err
image_area,dynamic_blocking,1,2,8,4,10,1886,1886,3556666.6666666665,3556996,15.010879120789468,0,logs/run_006_image_area_dynamic_blocking_r1.out,logs/run_006_image_area_dynamic_blocking_r1.err
chunk_size,static_nonblocking,1,2,8,4,3,1000,1000,1000000,1000000,5.1262732080649585,0,logs/run_007_chunk_size_static_nonblocking_r1.out,logs/run_007_chunk_size_static_nonblocking_r1.err
chunk_size,dynamic_blocking,1,2,8,4,1,1000,1000,1000000,1000000,4.971265092957765,0,logs/run_008_chunk_size_dynamic_blocking_r1.out,logs/run_008_chunk_size_dynamic_blocking_r1.err
image_area,dynamic_blocking,1,2,8,4,10,947,947,896666.6666666666,896809,4.872740393970162,0,logs/run_009_image_area_dynamic_blocking_r1.out,logs/run_009_image_area_dynamic_blocking_r1.err
image_area,static_blocking,1,2,8,4,10,1764,1764,3113333.3333333335,3111696,21.597090580035,0,logs/run_010_image_area_static_blocking_r1.out,logs/run_010_image_area_static_blocking_r1.err
chunk_size,dynamic_blocking,1,2,8,4,7,1000,1000,1000000,1000000,4.924994349014014,0,logs/run_011_chunk_size_dynamic_blocking_r1.out,logs/run_011_chunk_size_dynamic_blocking_r1.err
nodes,dynamic_blocking,1,2,8,4,10,1000,1000,1000000,1000000,5.071510477922857,0,logs/run_012_nodes_dynamic_blocking_r1.out,logs/run_012_nodes_dynamic_blocking_r1.err
image_area,dynamic_nonblocking,1,2,8,4,10,1335,1335,1783333.3333333333,1782225,8.030158651061356,0,logs/run_013_image_area_dynamic_nonblocking_r1.out,logs/run_013_image_area_dynamic_nonblocking_r1.err
chunk_size,static_nonblocking,1,2,8,4,125,1000,1000,1000000,1000000,9.126922874944285,0,logs/run_014_chunk_size_static_nonblocking_r1.out,logs/run_014_chunk_size_static_nonblocking_r1.err
image_area,static_blocking,1,2,8,4,10,1886,1886,3556666.6666666665,3556996,25.75064220605418,0,logs/run_015_image_area_static_blocking_r1.out,logs/run_015_image_area_static_blocking_r1.err
chunk_size,dynamic_nonblocking,1,2,8,4,31,1000,1000,1000000,1000000,5.322370406938717,0,logs/run_016_chunk_size_dynamic_nonblocking_r1.out,logs/run_016_chunk_size_dynamic_nonblocking_r1.err
image_area,static_nonblocking,1,2,8,4,10,1764,1764,3113333.3333333335,3111696,13.836390597047284,0,logs/run_017_image_area_static_nonblocking_r1.out,logs/run_017_image_area_static_nonblocking_r1.err
image_area,dynamic_blocking,1,2,8,4,10,1492,1492,2226666.6666666665,2226064,9.930886163143441,0,logs/run_018_image_area_dynamic_blocking_r1.out,logs/run_018_image_area_dynamic_blocking_r1.err
image_area,static_nonblocking,1,2,8,4,10,100,100,10000.0,10000,0.9658637668471783,0,logs/run_019_image_area_static_nonblocking_r1.out,logs/run_019_image_area_static_nonblocking_r1.err
nodes,dynamic_blocking,1,4,8,2,10,1000,1000,1000000,1000000,6.974632944911718,0,logs/run_020_nodes_dynamic_blocking_r1.out,logs/run_020_nodes_dynamic_blocking_r1.err
image_area,static_blocking,1,2,8,4,10,947,947,896666.6666666666,896809,4.871671322034672,0,logs/run_021_image_area_static_blocking_r1.out,logs/run_021_image_area_static_blocking_r1.err
image_area,static_nonblocking,1,2,8,4,10,1634,1634,2670000.0,2669956,12.181410546880215,0,logs/run_022_image_area_static_nonblocking_r1.out,logs/run_022_image_area_static_nonblocking_r1.err
chunk_size,static_nonblocking,1,2,8,4,7,1000,1000,1000000,1000000,5.023911779047921,0,logs/run_023_chunk_size_static_nonblocking_r1.out,logs/run_023_chunk_size_static_nonblocking_r1.err
image_area,static_blocking,1,2,8,4,10,100,100,10000.0,10000,0.9658847858663648,0,logs/run_024_image_area_static_blocking_r1.out,logs/run_024_image_area_static_blocking_r1.err
chunk_size,static_blocking,1,2,8,4,62,1000,1000,1000000,1000000,23.600512429140508,0,logs/run_025_chunk_size_static_blocking_r1.out,logs/run_025_chunk_size_static_blocking_r1.err
nodes,static_blocking,1,8,8,1,10,1000,1000,1000000,1000000,6.27683054911904,0,logs/run_026_nodes_static_blocking_r1.out,logs/run_026_nodes_static_blocking_r1.err
nodes,dynamic_blocking,1,8,8,1,10,1000,1000,1000000,1000000,5.021492160158232,0,logs/run_027_nodes_dynamic_blocking_r1.out,logs/run_027_nodes_dynamic_blocking_r1.err
nodes,static_nonblocking,1,2,8,4,10,1000,1000,1000000,1000000,5.072367041138932,0,logs/run_028_nodes_static_nonblocking_r1.out,logs/run_028_nodes_static_nonblocking_r1.err
chunk_size,dynamic_nonblocking,1,2,8,4,7,1000,1000,1000000,1000000,4.97288825805299,0,logs/run_029_chunk_size_dynamic_nonblocking_r1.out,logs/run_029_chunk_size_dynamic_nonblocking_r1.err
chunk_size,static_nonblocking,1,2,8,4,62,1000,1000,1000000,1000000,5.72378484508954,0,logs/run_030_chunk_size_static_nonblocking_r1.out,logs/run_030_chunk_size_static_nonblocking_r1.err
image_area,dynamic_blocking,1,2,8,4,10,1764,1764,3113333.3333333335,3111696,13.284201997099444,0,logs/run_031_image_area_dynamic_blocking_r1.out,logs/run_031_image_area_dynamic_blocking_r1.err
image_area,dynamic_blocking,1,2,8,4,10,2000,2000,4000000.0,4000000,16.637753895949572,0,logs/run_032_image_area_dynamic_blocking_r1.out,logs/run_032_image_area_dynamic_blocking_r1.err
chunk_size,static_nonblocking,1,2,8,4,15,1000,1000,1000000,1000000,4.922301167156547,0,logs/run_033_chunk_size_static_nonblocking_r1.out,logs/run_033_chunk_size_static_nonblocking_r1.err
image_area,static_blocking,1,2,8,4,10,1634,1634,2670000.0,2669956,19.59177017211914,0,logs/run_034_image_area_static_blocking_r1.out,logs/run_034_image_area_static_blocking_r1.err
chunk_size,static_blocking,1,2,8,4,7,1000,1000,1000000,1000000,5.723142239032313,0,logs/run_035_chunk_size_static_blocking_r1.out,logs/run_035_chunk_size_static_blocking_r1.err
image_area,static_nonblocking,1,2,8,4,10,1492,1492,2226666.6666666665,2226064,10.181158893974498,0,logs/run_036_image_area_static_nonblocking_r1.out,logs/run_036_image_area_static_nonblocking_r1.err
chunk_size,static_blocking,1,2,8,4,3,1000,1000,1000000,1000000,5.672593149822205,0,logs/run_037_chunk_size_static_blocking_r1.out,logs/run_037_chunk_size_static_blocking_r1.err
chunk_size,dynamic_blocking,1,2,8,4,125,1000,1000,1000000,1000000,9.433736957842484,0,logs/run_038_chunk_size_dynamic_blocking_r1.out,logs/run_038_chunk_size_dynamic_blocking_r1.err
chunk_size,static_blocking,1,2,8,4,125,1000,1000,1000000,1000000,9.327684402000159,0,logs/run_039_chunk_size_static_blocking_r1.out,logs/run_039_chunk_size_static_blocking_r1.err
image_area,static_blocking,1,2,8,4,10,1158,1158,1340000.0,1340964,9.081313776085153,0,logs/run_040_image_area_static_blocking_r1.out,logs/run_040_image_area_static_blocking_r1.err
image_area,static_blocking,1,2,8,4,10,673,673,453333.3333333333,452929,2.9687865551095456,0,logs/run_041_image_area_static_blocking_r1.out,logs/run_041_image_area_static_blocking_r1.err
image_area,static_nonblocking,1,2,8,4,10,2000,2000,4000000.0,4000000,16.98968186508864,0,logs/run_042_image_area_static_nonblocking_r1.out,logs/run_042_image_area_static_nonblocking_r1.err
chunk_size,dynamic_blocking,1,2,8,4,15,1000,1000,1000000,1000000,5.122346523916349,0,logs/run_043_chunk_size_dynamic_blocking_r1.out,logs/run_043_chunk_size_dynamic_blocking_r1.err
chunk_size,dynamic_nonblocking,1,2,8,4,1,1000,1000,1000000,1000000,5.022115946048871,0,logs/run_044_chunk_size_dynamic_nonblocking_r1.out,logs/run_044_chunk_size_dynamic_nonblocking_r1.err
image_area,static_blocking,1,2,8,4,10,2000,2000,4000000.0,4000000,28.56023953203112,0,logs/run_045_image_area_static_blocking_r1.out,logs/run_045_image_area_static_blocking_r1.err
chunk_size,static_nonblocking,1,2,8,4,1,1000,1000,1000000,1000000,4.974631034070626,0,logs/run_046_chunk_size_static_nonblocking_r1.out,logs/run_046_chunk_size_static_nonblocking_r1.err
chunk_size,dynamic_nonblocking,1,2,8,4,15,1000,1000,1000000,1000000,4.971428223885596,0,logs/run_047_chunk_size_dynamic_nonblocking_r1.out,logs/run_047_chunk_size_dynamic_nonblocking_r1.err
nodes,static_blocking,1,2,8,4,10,1000,1000,1000000,1000000,5.3723712540231645,0,logs/run_048_nodes_static_blocking_r1.out,logs/run_048_nodes_static_blocking_r1.err
image_area,static_nonblocking,1,2,8,4,10,1158,1158,1340000.0,1340964,6.07315692002885,0,logs/run_049_image_area_static_nonblocking_r1.out,logs/run_049_image_area_static_nonblocking_r1.err
image_area,dynamic_blocking,1,2,8,4,10,1634,1634,2670000.0,2669956,11.586096298182383,0,logs/run_050_image_area_dynamic_blocking_r1.out,logs/run_050_image_area_dynamic_blocking_r1.err
chunk_size,dynamic_nonblocking,1,2,8,4,3,1000,1000,1000000,1000000,5.025054882047698,0,logs/run_051_chunk_size_dynamic_nonblocking_r1.out,logs/run_051_chunk_size_dynamic_nonblocking_r1.err
image_area,static_nonblocking,1,2,8,4,10,947,947,896666.6666666666,896809,4.320979536045343,0,logs/run_052_image_area_static_nonblocking_r1.out,logs/run_052_image_area_static_nonblocking_r1.err
image_area,dynamic_blocking,1,2,8,4,10,673,673,453333.3333333333,452929,2.8186757871881127,0,logs/run_053_image_area_dynamic_blocking_r1.out,logs/run_053_image_area_dynamic_blocking_r1.err
image_area,dynamic_blocking,1,2,8,4,10,100,100,10000.0,10000,1.166566755156964,0,logs/run_054_image_area_dynamic_blocking_r1.out,logs/run_054_image_area_dynamic_blocking_r1.err
nodes,dynamic_nonblocking,1,8,8,1,10,1000,1000,1000000,1000000,5.021649409784004,0,logs/run_055_nodes_dynamic_nonblocking_r1.out,logs/run_055_nodes_dynamic_nonblocking_r1.err
image_area,dynamic_blocking,1,2,8,4,10,1158,1158,1340000.0,1340964,6.223435405874625,0,logs/run_056_image_area_dynamic_blocking_r1.out,logs/run_056_image_area_dynamic_blocking_r1.err
nodes,static_nonblocking,1,4,8,2,10,1000,1000,1000000,1000000,5.075561246136203,0,logs/run_057_nodes_static_nonblocking_r1.out,logs/run_057_nodes_static_nonblocking_r1.err
image_area,static_nonblocking,1,2,8,4,10,1886,1886,3556666.6666666665,3556996,15.690376811195165,0,logs/run_058_image_area_static_nonblocking_r1.out,logs/run_058_image_area_static_nonblocking_r1.err
image_area,dynamic_nonblocking,1,2,8,4,10,673,673,453333.3333333333,452929,2.869811219163239,0,logs/run_059_image_area_dynamic_nonblocking_r1.out,logs/run_059_image_area_dynamic_nonblocking_r1.err
image_area,dynamic_nonblocking,1,2,8,4,10,947,947,896666.6666666666,896809,4.571024134056643,0,logs/run_060_image_area_dynamic_nonblocking_r1.out,logs/run_060_image_area_dynamic_nonblocking_r1.err
image_area,dynamic_nonblocking,1,2,8,4,10,2000,2000,4000000.0,4000000,16.937886676983908,0,logs/run_061_image_area_dynamic_nonblocking_r1.out,logs/run_061_image_area_dynamic_nonblocking_r1.err
chunk_size,static_blocking,1,2,8,4,15,1000,1000,1000000,1000000,5.4224032738711685,0,logs/run_062_chunk_size_static_blocking_r1.out,logs/run_062_chunk_size_static_blocking_r1.err
image_area,dynamic_blocking,1,2,8,4,10,1335,1335,1783333.3333333333,1782225,8.077781409025192,0,logs/run_063_image_area_dynamic_blocking_r1.out,logs/run_063_image_area_dynamic_blocking_r1.err
image_area,dynamic_nonblocking,1,2,8,4,10,1158,1158,1340000.0,1340964,6.27348942682147,0,logs/run_064_image_area_dynamic_nonblocking_r1.out,logs/run_064_image_area_dynamic_nonblocking_r1.err
image_area,dynamic_nonblocking,1,2,8,4,10,1764,1764,3113333.3333333335,3111696,13.133580310968682,0,logs/run_065_image_area_dynamic_nonblocking_r1.out,logs/run_065_image_area_dynamic_nonblocking_r1.err
nodes,static_nonblocking,1,8,8,1,10,1000,1000,1000000,1000000,4.971809093141928,0,logs/run_066_nodes_static_nonblocking_r1.out,logs/run_066_nodes_static_nonblocking_r1.err
image_area,dynamic_nonblocking,1,2,8,4,10,1492,1492,2226666.6666666665,2226064,9.833487971918657,0,logs/run_067_image_area_dynamic_nonblocking_r1.out,logs/run_067_image_area_dynamic_nonblocking_r1.err
image_area,static_nonblocking,1,2,8,4,10,1335,1335,1783333.3333333333,1782225,7.675844274926931,0,logs/run_068_image_area_static_nonblocking_r1.out,logs/run_068_image_area_static_nonblocking_r1.err
nodes,dynamic_nonblocking,1,4,8,2,10,1000,1000,1000000,1000000,4.874585798941553,0,logs/run_069_nodes_dynamic_nonblocking_r1.out,logs/run_069_nodes_dynamic_nonblocking_r1.err
chunk_size,static_blocking,1,2,8,4,31,1000,1000,1000000,1000000,5.372520565055311,0,logs/run_070_chunk_size_static_blocking_r1.out,logs/run_070_chunk_size_static_blocking_r1.err
image_area,static_blocking,1,2,8,4,10,1335,1335,1783333.3333333333,1782225,12.282901189057156,0,logs/run_071_image_area_static_blocking_r1.out,logs/run_071_image_area_static_blocking_r1.err
chunk_size,dynamic_blocking,1,2,8,4,3,1000,1000,1000000,1000000,5.021959350910038,0,logs/run_072_chunk_size_dynamic_blocking_r1.out,logs/run_072_chunk_size_dynamic_blocking_r1.err
chunk_size,dynamic_nonblocking,1,2,8,4,62,1000,1000,1000000,1000000,6.02508625597693,0,logs/run_073_chunk_size_dynamic_nonblocking_r1.out,logs/run_073_chunk_size_dynamic_nonblocking_r1.err
image_area,dynamic_nonblocking,1,2,8,4,10,1634,1634,2670000.0,2669956,11.58522414509207,0,logs/run_074_image_area_dynamic_nonblocking_r1.out,logs/run_074_image_area_dynamic_nonblocking_r1.err
chunk_size,static_nonblocking,1,2,8,4,31,1000,1000,1000000,1000000,4.97185372794047,0,logs/run_075_chunk_size_static_nonblocking_r1.out,logs/run_075_chunk_size_static_nonblocking_r1.err
image_area,dynamic_nonblocking,1,2,8,4,10,100,100,10000.0,10000,1.116495504975319,0,logs/run_076_image_area_dynamic_nonblocking_r1.out,logs/run_076_image_area_dynamic_nonblocking_r1.err
image_area,dynamic_nonblocking,1,2,8,4,10,1886,1886,3556666.6666666665,3556996,15.085055314004421,0,logs/run_077_image_area_dynamic_nonblocking_r1.out,logs/run_077_image_area_dynamic_nonblocking_r1.err
nodes,static_blocking,1,4,8,2,10,1000,1000,1000000,1000000,5.422567025991157,0,logs/run_078_nodes_static_blocking_r1.out,logs/run_078_nodes_static_blocking_r1.err
image_area,static_blocking,1,2,8,4,10,1492,1492,2226666.6666666665,2226064,15.83537801192142,0,logs/run_079_image_area_static_blocking_r1.out,logs/run_079_image_area_static_blocking_r1.err
chunk_size,static_blocking,1,2,8,4,1,1000,1000,1000000,1000000,5.774603696074337,0,logs/run_080_chunk_size_static_blocking_r1.out,logs/run_080_chunk_size_static_blocking_r1.err
image_area,static_nonblocking,2,2,8,4,10,1886,1886,3556666.6666666665,3556996,14.284038059180602,0,logs/run_081_image_area_static_nonblocking_r2.out,logs/run_081_image_area_static_nonblocking_r2.err
image_area,dynamic_blocking,2,2,8,4,10,1335,1335,1783333.3333333333,1782225,8.375955182826146,0,logs/run_082_image_area_dynamic_blocking_r2.out,logs/run_082_image_area_dynamic_blocking_r2.err
chunk_size,dynamic_nonblocking,2,2,8,4,62,1000,1000,1000000,1000000,6.123533047037199,0,logs/run_083_chunk_size_dynamic_nonblocking_r2.out,logs/run_083_chunk_size_dynamic_nonblocking_r2.err
chunk_size,dynamic_blocking,2,2,8,4,3,1000,1000,1000000,1000000,4.971959098940715,0,logs/run_084_chunk_size_dynamic_blocking_r2.out,logs/run_084_chunk_size_dynamic_blocking_r2.err
image_area,static_blocking,2,2,8,4,10,2000,2000,4000000.0,4000000,27.851481774123386,0,logs/run_085_image_area_static_blocking_r2.out,logs/run_085_image_area_static_blocking_r2.err
chunk_size,dynamic_nonblocking,2,2,8,4,31,1000,1000,1000000,1000000,5.32417698088102,0,logs/run_086_chunk_size_dynamic_nonblocking_r2.out,logs/run_086_chunk_size_dynamic_nonblocking_r2.err
image_area,static_blocking,2,2,8,4,10,1634,1634,2670000.0,2669956,19.139355954015628,0,logs/run_087_image_area_static_blocking_r2.out,logs/run_087_image_area_static_blocking_r2.err
chunk_size,dynamic_nonblocking,2,2,8,4,15,1000,1000,1000000,1000000,5.025108614005148,0,logs/run_088_chunk_size_dynamic_nonblocking_r2.out,logs/run_088_chunk_size_dynamic_nonblocking_r2.err
chunk_size,dynamic_nonblocking,2,2,8,4,7,1000,1000,1000000,1000000,5.023073996882886,0,logs/run_089_chunk_size_dynamic_nonblocking_r2.out,logs/run_089_chunk_size_dynamic_nonblocking_r2.err
chunk_size,static_nonblocking,2,2,8,4,125,1000,1000,1000000,1000000,8.926287802867591,0,logs/run_090_chunk_size_static_nonblocking_r2.out,logs/run_090_chunk_size_static_nonblocking_r2.err
image_area,dynamic_nonblocking,2,2,8,4,10,1886,1886,3556666.6666666665,3556996,15.037639485904947,0,logs/run_091_image_area_dynamic_nonblocking_r2.out,logs/run_091_image_area_dynamic_nonblocking_r2.err
image_area,static_nonblocking,2,2,8,4,10,1335,1335,1783333.3333333333,1782225,8.026157044107094,0,logs/run_092_image_area_static_nonblocking_r2.out,logs/run_092_image_area_static_nonblocking_r2.err
image_area,static_blocking,2,2,8,4,10,1492,1492,2226666.6666666665,2226064,15.393084103008732,0,logs/run_093_image_area_static_blocking_r2.out,logs/run_093_image_area_static_blocking_r2.err
chunk_size,dynamic_blocking,2,2,8,4,15,1000,1000,1000000,1000000,5.022547201951966,0,logs/run_094_chunk_size_dynamic_blocking_r2.out,logs/run_094_chunk_size_dynamic_blocking_r2.err
image_area,static_blocking,2,2,8,4,10,1886,1886,3556666.6666666665,3556996,25.000722324009985,0,logs/run_095_image_area_static_blocking_r2.out,logs/run_095_image_area_static_blocking_r2.err
image_area,dynamic_nonblocking,2,2,8,4,10,1158,1158,1340000.0,1340964,6.378333048895001,0,logs/run_096_image_area_dynamic_nonblocking_r2.out,logs/run_096_image_area_dynamic_nonblocking_r2.err
chunk_size,dynamic_blocking,2,2,8,4,125,1000,1000,1000000,1000000,9.176936803851277,0,logs/run_097_chunk_size_dynamic_blocking_r2.out,logs/run_097_chunk_size_dynamic_blocking_r2.err
image_area,dynamic_blocking,2,2,8,4,10,1764,1764,3113333.3333333335,3111696,13.586416685022414,0,logs/run_098_image_area_dynamic_blocking_r2.out,logs/run_098_image_area_dynamic_blocking_r2.err
image_area,static_blocking,2,2,8,4,10,1158,1158,1340000.0,1340964,8.777745836880058,0,logs/run_099_image_area_static_blocking_r2.out,logs/run_099_image_area_static_blocking_r2.err
image_area,dynamic_nonblocking,2,2,8,4,10,1492,1492,2226666.6666666665,2226064,9.779397416859865,0,logs/run_100_image_area_dynamic_nonblocking_r2.out,logs/run_100_image_area_dynamic_nonblocking_r2.err
nodes,static_nonblocking,2,8,8,1,10,1000,1000,1000000,1000000,5.172606262844056,0,logs/run_101_nodes_static_nonblocking_r2.out,logs/run_101_nodes_static_nonblocking_r2.err
image_area,static_nonblocking,2,2,8,4,10,1492,1492,2226666.6666666665,2226064,10.12895300006494,0,logs/run_102_image_area_static_nonblocking_r2.out,logs/run_102_image_area_static_nonblocking_r2.err
nodes,static_blocking,2,4,8,2,10,1000,1000,1000000,1000000,4.971308476990089,0,logs/run_103_nodes_static_blocking_r2.out,logs/run_103_nodes_static_blocking_r2.err
nodes,dynamic_blocking,2,4,8,2,10,1000,1000,1000000,1000000,5.12252527079545,0,logs/run_104_nodes_dynamic_blocking_r2.out,logs/run_104_nodes_dynamic_blocking_r2.err
chunk_size,static_nonblocking,2,2,8,4,62,1000,1000,1000000,1000000,5.672073181020096,0,logs/run_105_chunk_size_static_nonblocking_r2.out,logs/run_105_chunk_size_static_nonblocking_r2.err
chunk_size,dynamic_nonblocking,2,2,8,4,3,1000,1000,1000000,1000000,5.17460087290965,0,logs/run_106_chunk_size_dynamic_nonblocking_r2.out,logs/run_106_chunk_size_dynamic_nonblocking_r2.err
chunk_size,static_nonblocking,2,2,8,4,31,1000,1000,1000000,1000000,4.822667163098231,0,logs/run_107_chunk_size_static_nonblocking_r2.out,logs/run_107_chunk_size_static_nonblocking_r2.err
image_area,static_nonblocking,2,2,8,4,10,100,100,10000.0,10000,1.0159436620306224,0,logs/run_108_image_area_static_nonblocking_r2.out,logs/run_108_image_area_static_nonblocking_r2.err
image_area,dynamic_blocking,2,2,8,4,10,1158,1158,1340000.0,1340964,6.424458707915619,0,logs/run_109_image_area_dynamic_blocking_r2.out,logs/run_109_image_area_dynamic_blocking_r2.err
image_area,static_blocking,2,2,8,4,10,947,947,896666.6666666666,896809,4.972889474825934,0,logs/run_110_image_area_static_blocking_r2.out,logs/run_110_image_area_static_blocking_r2.err
nodes,dynamic_nonblocking,2,4,8,2,10,1000,1000,1000000,1000000,5.02154304087162,0,logs/run_111_nodes_dynamic_nonblocking_r2.out,logs/run_111_nodes_dynamic_nonblocking_r2.err
image_area,dynamic_nonblocking,2,2,8,4,10,673,673,453333.3333333333,452929,2.818772617029026,0,logs/run_112_image_area_dynamic_nonblocking_r2.out,logs/run_112_image_area_dynamic_nonblocking_r2.err
image_area,static_nonblocking,2,2,8,4,10,1634,1634,2670000.0,2669956,11.832534888992086,0,logs/run_113_image_area_static_nonblocking_r2.out,logs/run_113_image_area_static_nonblocking_r2.err
image_area,dynamic_blocking,2,2,8,4,10,2000,2000,4000000.0,4000000,17.138107424834743,0,logs/run_114_image_area_dynamic_blocking_r2.out,logs/run_114_image_area_dynamic_blocking_r2.err
chunk_size,static_blocking,2,2,8,4,15,1000,1000,1000000,1000000,5.622595728142187,0,logs/run_115_chunk_size_static_blocking_r2.out,logs/run_115_chunk_size_static_blocking_r2.err
chunk_size,static_blocking,2,2,8,4,1,1000,1000,1000000,1000000,5.924701964948326,0,logs/run_116_chunk_size_static_blocking_r2.out,logs/run_116_chunk_size_static_blocking_r2.err
chunk_size,static_nonblocking,2,2,8,4,3,1000,1000,1000000,1000000,4.871515654027462,0,logs/run_117_chunk_size_static_nonblocking_r2.out,logs/run_117_chunk_size_static_nonblocking_r2.err
image_area,static_nonblocking,2,2,8,4,10,947,947,896666.6666666666,896809,4.27135821711272,0,logs/run_118_image_area_static_nonblocking_r2.out,logs/run_118_image_area_static_nonblocking_r2.err
chunk_size,dynamic_blocking,2,2,8,4,31,1000,1000,1000000,1000000,5.57254497683607,0,logs/run_119_chunk_size_dynamic_blocking_r2.out,logs/run_119_chunk_size_dynamic_blocking_r2.err
image_area,static_nonblocking,2,2,8,4,10,1158,1158,1340000.0,1340964,6.3238125131465495,0,logs/run_120_image_area_static_nonblocking_r2.out,logs/run_120_image_area_static_nonblocking_r2.err
image_area,dynamic_nonblocking,2,2,8,4,10,2000,2000,4000000.0,4000000,16.58748282189481,0,logs/run_121_image_area_dynamic_nonblocking_r2.out,logs/run_121_image_area_dynamic_nonblocking_r2.err
image_area,dynamic_nonblocking,2,2,8,4,10,1335,1335,1783333.3333333333,1782225,8.030577888013795,0,logs/run_122_image_area_dynamic_nonblocking_r2.out,logs/run_122_image_area_dynamic_nonblocking_r2.err
chunk_size,dynamic_blocking,2,2,8,4,62,1000,1000,1000000,1000000,6.073245389852673,0,logs/run_123_chunk_size_dynamic_blocking_r2.out,logs/run_123_chunk_size_dynamic_blocking_r2.err
image_area,static_blocking,2,2,8,4,10,1335,1335,1783333.3333333333,1782225,12.130948998034,0,logs/run_124_image_area_static_blocking_r2.out,logs/run_124_image_area_static_blocking_r2.err
image_area,static_blocking,2,2,8,4,10,1764,1764,3113333.3333333335,3111696,22.546781489159912,0,logs/run_125_image_area_static_blocking_r2.out,logs/run_125_image_area_static_blocking_r2.err
image_area,dynamic_blocking,2,2,8,4,10,1886,1886,3556666.6666666665,3556996,15.196459884056821,0,logs/run_126_image_area_dynamic_blocking_r2.out,logs/run_126_image_area_dynamic_blocking_r2.err
chunk_size,static_blocking,2,2,8,4,31,1000,1000,1000000,1000000,5.676457517081872,0,logs/run_127_chunk_size_static_blocking_r2.out,logs/run_127_chunk_size_static_blocking_r2.err
image_area,dynamic_blocking,2,2,8,4,10,1492,1492,2226666.6666666665,2226064,9.979657927993685,0,logs/run_128_image_area_dynamic_blocking_r2.out,logs/run_128_image_area_dynamic_blocking_r2.err
chunk_size,dynamic_blocking,2,2,8,4,1,1000,1000,1000000,1000000,5.021935173077509,0,logs/run_129_chunk_size_dynamic_blocking_r2.out,logs/run_129_chunk_size_dynamic_blocking_r2.err
chunk_size,dynamic_nonblocking,2,2,8,4,1,1000,1000,1000000,1000000,4.9738443358801305,0,logs/run_130_chunk_size_dynamic_nonblocking_r2.out,logs/run_130_chunk_size_dynamic_nonblocking_r2.err
image_area,static_blocking,2,2,8,4,10,100,100,10000.0,10000,0.9175791619345546,0,logs/run_131_image_area_static_blocking_r2.out,logs/run_131_image_area_static_blocking_r2.err
chunk_size,static_nonblocking,2,2,8,4,1,1000,1000,1000000,1000000,5.0228381450288,0,logs/run_132_chunk_size_static_nonblocking_r2.out,logs/run_132_chunk_size_static_nonblocking_r2.err
chunk_size,static_nonblocking,2,2,8,4,7,1000,1000,1000000,1000000,4.82649604883045,0,logs/run_133_chunk_size_static_nonblocking_r2.out,logs/run_133_chunk_size_static_nonblocking_r2.err
image_area,static_nonblocking,2,2,8,4,10,1764,1764,3113333.3333333335,3111696,14.183631342137232,0,logs/run_134_image_area_static_nonblocking_r2.out,logs/run_134_image_area_static_nonblocking_r2.err
nodes,static_nonblocking,2,2,8,4,10,1000,1000,1000000,1000000,4.922331208130345,0,logs/run_135_nodes_static_nonblocking_r2.out,logs/run_135_nodes_static_nonblocking_r2.err
nodes,static_blocking,2,8,8,1,10,1000,1000,1000000,1000000,4.723356508184224,0,logs/run_136_nodes_static_blocking_r2.out,logs/run_136_nodes_static_blocking_r2.err
image_area,dynamic_blocking,2,2,8,4,10,673,673,453333.3333333333,452929,2.8689348420593888,0,logs/run_137_image_area_dynamic_blocking_r2.out,logs/run_137_image_area_dynamic_blocking_r2.err
nodes,static_nonblocking,2,4,8,2,10,1000,1000,1000000,1000000,5.276575102005154,0,logs/run_138_nodes_static_nonblocking_r2.out,logs/run_138_nodes_static_nonblocking_r2.err
image_area,dynamic_blocking,2,2,8,4,10,1634,1634,2670000.0,2669956,11.89056707196869,0,logs/run_139_image_area_dynamic_blocking_r2.out,logs/run_139_image_area_dynamic_blocking_r2.err
image_area,dynamic_nonblocking,2,2,8,4,10,1764,1764,3113333.3333333335,3111696,13.38742239610292,0,logs/run_140_image_area_dynamic_nonblocking_r2.out,logs/run_140_image_area_dynamic_nonblocking_r2.err
nodes,static_blocking,2,2,8,4,10,1000,1000,1000000,1000000,5.625251502962783,0,logs/run_141_nodes_static_blocking_r2.out,logs/run_141_nodes_static_blocking_r2.err
nodes,dynamic_blocking,2,2,8,4,10,1000,1000,1000000,1000000,4.971907322993502,0,logs/run_142_nodes_dynamic_blocking_r2.out,logs/run_142_nodes_dynamic_blocking_r2.err
image_area,static_blocking,2,2,8,4,10,673,673,453333.3333333333,452929,2.819568132981658,0,logs/run_143_image_area_static_blocking_r2.out,logs/run_143_image_area_static_blocking_r2.err
image_area,static_nonblocking,2,2,8,4,10,673,673,453333.3333333333,452929,2.7705188039690256,0,logs/run_144_image_area_static_nonblocking_r2.out,logs/run_144_image_area_static_nonblocking_r2.err
image_area,dynamic_blocking,2,2,8,4,10,100,100,10000.0,10000,1.1163613651879132,0,logs/run_145_image_area_dynamic_blocking_r2.out,logs/run_145_image_area_dynamic_blocking_r2.err
nodes,dynamic_blocking,2,8,8,1,10,1000,1000,1000000,1000000,5.123003086075187,0,logs/run_146_nodes_dynamic_blocking_r2.out,logs/run_146_nodes_dynamic_blocking_r2.err
image_area,static_nonblocking,2,2,8,4,10,2000,2000,4000000.0,4000000,15.880990054924041,0,logs/run_147_image_area_static_nonblocking_r2.out,logs/run_147_image_area_static_nonblocking_r2.err
nodes,dynamic_nonblocking,2,8,8,1,10,1000,1000,1000000,1000000,5.122402375098318,0,logs/run_148_nodes_dynamic_nonblocking_r2.out,logs/run_148_nodes_dynamic_nonblocking_r2.err
image_area,dynamic_nonblocking,2,2,8,4,10,1634,1634,2670000.0,2669956,11.88095421390608,0,logs/run_149_image_area_dynamic_nonblocking_r2.out,logs/run_149_image_area_dynamic_nonblocking_r2.err
image_area,dynamic_nonblocking,2,2,8,4,10,947,947,896666.6666666666,896809,4.722561368020251,0,logs/run_150_image_area_dynamic_nonblocking_r2.out,logs/run_150_image_area_dynamic_nonblocking_r2.err
chunk_size,static_blocking,2,2,8,4,62,1000,1000,1000000,1000000,23.169516970869154,0,logs/run_151_chunk_size_static_blocking_r2.out,logs/run_151_chunk_size_static_blocking_r2.err
chunk_size,static_nonblocking,2,2,8,4,15,1000,1000,1000000,1000000,4.671887504169717,0,logs/run_152_chunk_size_static_nonblocking_r2.out,logs/run_152_chunk_size_static_nonblocking_r2.err
chunk_size,static_blocking,2,2,8,4,3,1000,1000,1000000,1000000,5.97306339093484,0,logs/run_153_chunk_size_static_blocking_r2.out,logs/run_153_chunk_size_static_blocking_r2.err
chunk_size,dynamic_blocking,2,2,8,4,7,1000,1000,1000000,1000000,5.0761784359347075,0,logs/run_154_chunk_size_dynamic_blocking_r2.out,logs/run_154_chunk_size_dynamic_blocking_r2.err
image_area,dynamic_blocking,2,2,8,4,10,947,947,896666.6666666666,896809,4.721104572992772,0,logs/run_155_image_area_dynamic_blocking_r2.out,logs/run_155_image_area_dynamic_blocking_r2.err
chunk_size,static_blocking,2,2,8,4,125,1000,1000,1000000,1000000,8.975963974138722,0,logs/run_156_chunk_size_static_blocking_r2.out,logs/run_156_chunk_size_static_blocking_r2.err
image_area,dynamic_nonblocking,2,2,8,4,10,100,100,10000.0,10000,1.1169263031333685,0,logs/run_157_image_area_dynamic_nonblocking_r2.out,logs/run_157_image_area_dynamic_nonblocking_r2.err
nodes,dynamic_nonblocking,2,2,8,4,10,1000,1000,1000000,1000000,4.971801836043596,0,logs/run_158_nodes_dynamic_nonblocking_r2.out,logs/run_158_nodes_dynamic_nonblocking_r2.err
chunk_size,dynamic_nonblocking,2,2,8,4,125,1000,1000,1000000,1000000,8.981783983996138,0,logs/run_159_chunk_size_dynamic_nonblocking_r2.out,logs/run_159_chunk_size_dynamic_nonblocking_r2.err
chunk_size,static_blocking,2,2,8,4,7,1000,1000,1000000,1000000,5.57786762714386,0,logs/run_160_chunk_size_static_blocking_r2.out,logs/run_160_chunk_size_static_blocking_r2.err
chunk_size,static_nonblocking,3,2,8,4,15,1000,1000,1000000,1000000,4.921454183058813,0,logs/run_161_chunk_size_static_nonblocking_r3.out,logs/run_161_chunk_size_static_nonblocking_r3.err
chunk_size,dynamic_blocking,3,2,8,4,31,1000,1000,1000000,1000000,5.175838132854551,0,logs/run_162_chunk_size_dynamic_blocking_r3.out,logs/run_162_chunk_size_dynamic_blocking_r3.err
image_area,static_nonblocking,3,2,8,4,10,947,947,896666.6666666666,896809,4.371988122817129,0,logs/run_163_image_area_static_nonblocking_r3.out,logs/run_163_image_area_static_nonblocking_r3.err
nodes,static_blocking,3,8,8,1,10,1000,1000,1000000,1000000,5.021901126950979,0,logs/run_164_nodes_static_blocking_r3.out,logs/run_164_nodes_static_blocking_r3.err
image_area,static_blocking,3,2,8,4,10,100,100,10000.0,10000,0.9158899039030075,0,logs/run_165_image_area_static_blocking_r3.out,logs/run_165_image_area_static_blocking_r3.err
image_area,dynamic_blocking,3,2,8,4,10,673,673,453333.3333333333,452929,2.8695375439710915,0,logs/run_166_image_area_dynamic_blocking_r3.out,logs/run_166_image_area_dynamic_blocking_r3.err
chunk_size,dynamic_blocking,3,2,8,4,15,1000,1000,1000000,1000000,5.121483861934394,0,logs/run_167_chunk_size_dynamic_blocking_r3.out,logs/run_167_chunk_size_dynamic_blocking_r3.err
chunk_size,static_blocking,3,2,8,4,3,1000,1000,1000000,1000000,5.823598116170615,0,logs/run_168_chunk_size_static_blocking_r3.out,logs/run_168_chunk_size_static_blocking_r3.err
chunk_size,static_nonblocking,3,2,8,4,3,1000,1000,1000000,1000000,5.221989230019972,0,logs/run_169_chunk_size_static_nonblocking_r3.out,logs/run_169_chunk_size_static_nonblocking_r3.err
chunk_size,dynamic_nonblocking,3,2,8,4,3,1000,1000,1000000,1000000,5.523967399029061,0,logs/run_170_chunk_size_dynamic_nonblocking_r3.out,logs/run_170_chunk_size_dynamic_nonblocking_r3.err
image_area,dynamic_blocking,3,2,8,4,10,1335,1335,1783333.3333333333,1782225,8.67656537797302,0,logs/run_171_image_area_dynamic_blocking_r3.out,logs/run_171_image_area_dynamic_blocking_r3.err
image_area,dynamic_nonblocking,3,2,8,4,10,1886,1886,3556666.6666666665,3556996,15.235384440049529,0,logs/run_172_image_area_dynamic_nonblocking_r3.out,logs/run_172_image_area_dynamic_nonblocking_r3.err
image_area,static_nonblocking,3,2,8,4,10,1335,1335,1783333.3333333333,1782225,7.828452156158164,0,logs/run_173_image_area_static_nonblocking_r3.out,logs/run_173_image_area_static_nonblocking_r3.err
nodes,static_nonblocking,3,2,8,4,10,1000,1000,1000000,1000000,5.122497037984431,0,logs/run_174_nodes_static_nonblocking_r3.out,logs/run_174_nodes_static_nonblocking_r3.err
chunk_size,static_nonblocking,3,2,8,4,7,1000,1000,1000000,1000000,5.223210174124688,0,logs/run_175_chunk_size_static_nonblocking_r3.out,logs/run_175_chunk_size_static_nonblocking_r3.err
chunk_size,static_nonblocking,3,2,8,4,125,1000,1000,1000000,1000000,9.22797538107261,0,logs/run_176_chunk_size_static_nonblocking_r3.out,logs/run_176_chunk_size_static_nonblocking_r3.err
image_area,static_blocking,3,2,8,4,10,1492,1492,2226666.6666666665,2226064,15.355026364093646,0,logs/run_177_image_area_static_blocking_r3.out,logs/run_177_image_area_static_blocking_r3.err
chunk_size,dynamic_blocking,3,2,8,4,7,1000,1000,1000000,1000000,5.525923568056896,0,logs/run_178_chunk_size_dynamic_blocking_r3.out,logs/run_178_chunk_size_dynamic_blocking_r3.err
chunk_size,static_blocking,3,2,8,4,15,1000,1000,1000000,1000000,5.927098887972534,0,logs/run_179_chunk_size_static_blocking_r3.out,logs/run_179_chunk_size_static_blocking_r3.err
image_area,static_nonblocking,3,2,8,4,10,673,673,453333.3333333333,452929,2.7210537178907543,0,logs/run_180_image_area_static_nonblocking_r3.out,logs/run_180_image_area_static_nonblocking_r3.err
image_area,dynamic_blocking,3,2,8,4,10,1492,1492,2226666.6666666665,2226064,10.004420555895194,0,logs/run_181_image_area_dynamic_blocking_r3.out,logs/run_181_image_area_dynamic_blocking_r3.err
chunk_size,dynamic_nonblocking,3,2,8,4,15,1000,1000,1000000,1000000,5.1234638639725745,0,logs/run_182_chunk_size_dynamic_nonblocking_r3.out,logs/run_182_chunk_size_dynamic_nonblocking_r3.err
image_area,static_nonblocking,3,2,8,4,10,1492,1492,2226666.6666666665,2226064,9.834654822945595,0,logs/run_183_image_area_static_nonblocking_r3.out,logs/run_183_image_area_static_nonblocking_r3.err
image_area,static_nonblocking,3,2,8,4,10,100,100,10000.0,10000,0.9158819830045104,0,logs/run_184_image_area_static_nonblocking_r3.out,logs/run_184_image_area_static_nonblocking_r3.err
image_area,static_nonblocking,3,2,8,4,10,1634,1634,2670000.0,2669956,12.583416682900861,0,logs/run_185_image_area_static_nonblocking_r3.out,logs/run_185_image_area_static_nonblocking_r3.err
chunk_size,static_blocking,3,2,8,4,7,1000,1000,1000000,1000000,5.730053676990792,0,logs/run_186_chunk_size_static_blocking_r3.out,logs/run_186_chunk_size_static_blocking_r3.err
image_area,static_blocking,3,2,8,4,10,1335,1335,1783333.3333333333,1782225,12.481358895078301,0,logs/run_187_image_area_static_blocking_r3.out,logs/run_187_image_area_static_blocking_r3.err
image_area,dynamic_nonblocking,3,2,8,4,10,1764,1764,3113333.3333333335,3111696,13.332986016059294,0,logs/run_188_image_area_dynamic_nonblocking_r3.out,logs/run_188_image_area_dynamic_nonblocking_r3.err
image_area,static_nonblocking,3,2,8,4,10,2000,2000,4000000.0,4000000,18.566766587086022,0,logs/run_189_image_area_static_nonblocking_r3.out,logs/run_189_image_area_static_nonblocking_r3.err
image_area,dynamic_nonblocking,3,2,8,4,10,947,947,896666.6666666666,896809,4.7216643039137125,0,logs/run_190_image_area_dynamic_nonblocking_r3.out,logs/run_190_image_area_dynamic_nonblocking_r3.err
nodes,dynamic_nonblocking,3,2,8,4,10,1000,1000,1000000,1000000,5.0227343728765845,0,logs/run_191_nodes_dynamic_nonblocking_r3.out,logs/run_191_nodes_dynamic_nonblocking_r3.err
image_area,static_blocking,3,2,8,4,10,947,947,896666.6666666666,896809,4.871442959876731,0,logs/run_192_image_area_static_blocking_r3.out,logs/run_192_image_area_static_blocking_r3.err
image_area,static_nonblocking,3,2,8,4,10,1886,1886,3556666.6666666665,3556996,14.190148801077157,0,logs/run_193_image_area_static_nonblocking_r3.out,logs/run_193_image_area_static_nonblocking_r3.err
nodes,static_nonblocking,3,8,8,1,10,1000,1000,1000000,1000000,4.821864909958094,0,logs/run_194_nodes_static_nonblocking_r3.out,logs/run_194_nodes_static_nonblocking_r3.err
chunk_size,static_blocking,3,2,8,4,31,1000,1000,1000000,1000000,5.372372773941606,0,logs/run_195_chunk_size_static_blocking_r3.out,logs/run_195_chunk_size_static_blocking_r3.err
image_area,dynamic_nonblocking,3,2,8,4,10,1634,1634,2670000.0,2669956,11.630985460942611,0,logs/run_196_image_area_dynamic_nonblocking_r3.out,logs/run_196_image_area_dynamic_nonblocking_r3.err
image_area,dynamic_nonblocking,3,2,8,4,10,1335,1335,1783333.3333333333,1782225,8.079271534923464,0,logs/run_197_image_area_dynamic_nonblocking_r3.out,logs/run_197_image_area_dynamic_nonblocking_r3.err
chunk_size,dynamic_blocking,3,2,8,4,1,1000,1000,1000000,1000000,5.121580712962896,0,logs/run_198_chunk_size_dynamic_blocking_r3.out,logs/run_198_chunk_size_dynamic_blocking_r3.err
image_area,dynamic_blocking,3,2,8,4,10,100,100,10000.0,10000,1.166611900087446,0,logs/run_199_image_area_dynamic_blocking_r3.out,logs/run_199_image_area_dynamic_blocking_r3.err
chunk_size,dynamic_nonblocking,3,2,8,4,125,1000,1000,1000000,1000000,9.27584137301892,0,logs/run_200_chunk_size_dynamic_nonblocking_r3.out,logs/run_200_chunk_size_dynamic_nonblocking_r3.err
chunk_size,static_blocking,3,2,8,4,62,1000,1000,1000000,1000000,23.254751038970426,0,logs/run_201_chunk_size_static_blocking_r3.out,logs/run_201_chunk_size_static_blocking_r3.err
chunk_size,dynamic_nonblocking,3,2,8,4,7,1000,1000,1000000,1000000,4.87304918281734,0,logs/run_202_chunk_size_dynamic_nonblocking_r3.out,logs/run_202_chunk_size_dynamic_nonblocking_r3.err
nodes,dynamic_blocking,3,8,8,1,10,1000,1000,1000000,1000000,5.222226830897853,0,logs/run_203_nodes_dynamic_blocking_r3.out,logs/run_203_nodes_dynamic_blocking_r3.err
chunk_size,static_nonblocking,3,2,8,4,62,1000,1000,1000000,1000000,5.772735037840903,0,logs/run_204_chunk_size_static_nonblocking_r3.out,logs/run_204_chunk_size_static_nonblocking_r3.err
chunk_size,dynamic_nonblocking,3,2,8,4,31,1000,1000,1000000,1000000,5.275356960948557,0,logs/run_205_chunk_size_dynamic_nonblocking_r3.out,logs/run_205_chunk_size_dynamic_nonblocking_r3.err
image_area,dynamic_blocking,3,2,8,4,10,2000,2000,4000000.0,4000000,17.287703067064285,0,logs/run_206_image_area_dynamic_blocking_r3.out,logs/run_206_image_area_dynamic_blocking_r3.err
chunk_size,dynamic_blocking,3,2,8,4,125,1000,1000,1000000,1000000,9.238789584953338,0,logs/run_207_chunk_size_dynamic_blocking_r3.out,logs/run_207_chunk_size_dynamic_blocking_r3.err
image_area,dynamic_nonblocking,3,2,8,4,10,1492,1492,2226666.6666666665,2226064,9.87980456603691,0,logs/run_208_image_area_dynamic_nonblocking_r3.out,logs/run_208_image_area_dynamic_nonblocking_r3.err
chunk_size,static_nonblocking,3,2,8,4,31,1000,1000,1000000,1000000,4.821848890045658,0,logs/run_209_chunk_size_static_nonblocking_r3.out,logs/run_209_chunk_size_static_nonblocking_r3.err
image_area,static_nonblocking,3,2,8,4,10,1764,1764,3113333.3333333335,3111696,13.733265097020194,0,logs/run_210_image_area_static_nonblocking_r3.out,logs/run_210_image_area_static_nonblocking_r3.err
chunk_size,dynamic_nonblocking,3,2,8,4,1,1000,1000,1000000,1000000,5.075469258008525,0,logs/run_211_chunk_size_dynamic_nonblocking_r3.out,logs/run_211_chunk_size_dynamic_nonblocking_r3.err
nodes,static_blocking,3,4,8,2,10,1000,1000,1000000,1000000,5.322043334133923,0,logs/run_212_nodes_static_blocking_r3.out,logs/run_212_nodes_static_blocking_r3.err
image_area,static_blocking,3,2,8,4,10,673,673,453333.3333333333,452929,3.0700993360951543,0,logs/run_213_image_area_static_blocking_r3.out,logs/run_213_image_area_static_blocking_r3.err
image_area,static_blocking,3,2,8,4,10,1634,1634,2670000.0,2669956,19.090006523998454,0,logs/run_214_image_area_static_blocking_r3.out,logs/run_214_image_area_static_blocking_r3.err
nodes,static_blocking,3,2,8,4,10,1000,1000,1000000,1000000,5.62364442110993,0,logs/run_215_nodes_static_blocking_r3.out,logs/run_215_nodes_static_blocking_r3.err
image_area,dynamic_nonblocking,3,2,8,4,10,2000,2000,4000000.0,4000000,16.84741447516717,0,logs/run_216_image_area_dynamic_nonblocking_r3.out,logs/run_216_image_area_dynamic_nonblocking_r3.err
chunk_size,static_nonblocking,3,2,8,4,1,1000,1000,1000000,1000000,5.322956430958584,0,logs/run_217_chunk_size_static_nonblocking_r3.out,logs/run_217_chunk_size_static_nonblocking_r3.err
nodes,dynamic_blocking,3,4,8,2,10,1000,1000,1000000,1000000,5.375448391074315,0,logs/run_218_nodes_dynamic_blocking_r3.out,logs/run_218_nodes_dynamic_blocking_r3.err
image_area,dynamic_nonblocking,3,2,8,4,10,1158,1158,1340000.0,1340964,6.323373308870941,0,logs/run_219_image_area_dynamic_nonblocking_r3.out,logs/run_219_image_area_dynamic_nonblocking_r3.err
image_area,static_blocking,3,2,8,4,10,1764,1764,3113333.3333333335,3111696,21.794907317962497,0,logs/run_220_image_area_static_blocking_r3.out,logs/run_220_image_area_static_blocking_r3.err
image_area,dynamic_blocking,3,2,8,4,10,1158,1158,1340000.0,1340964,6.526023755082861,0,logs/run_221_image_area_dynamic_blocking_r3.out,logs/run_221_image_area_dynamic_blocking_r3.err
nodes,dynamic_blocking,3,2,8,4,10,1000,1000,1000000,1000000,5.022382522933185,0,logs/run_222_nodes_dynamic_blocking_r3.out,logs/run_222_nodes_dynamic_blocking_r3.err
nodes,dynamic_nonblocking,3,8,8,1,10,1000,1000,1000000,1000000,5.071513825794682,0,logs/run_223_nodes_dynamic_nonblocking_r3.out,logs/run_223_nodes_dynamic_nonblocking_r3.err
image_area,dynamic_blocking,3,2,8,4,10,947,947,896666.6666666666,896809,4.570952409878373,0,logs/run_224_image_area_dynamic_blocking_r3.out,logs/run_224_image_area_dynamic_blocking_r3.err
image_area,static_blocking,3,2,8,4,10,1886,1886,3556666.6666666665,3556996,25.925939297070727,0,logs/run_225_image_area_static_blocking_r3.out,logs/run_225_image_area_static_blocking_r3.err
chunk_size,static_blocking,3,2,8,4,125,1000,1000,1000000,1000000,9.382335327100009,0,logs/run_226_chunk_size_static_blocking_r3.out,logs/run_226_chunk_size_static_blocking_r3.err
chunk_size,static_blocking,3,2,8,4,1,1000,1000,1000000,1000000,5.722819327143952,0,logs/run_227_chunk_size_static_blocking_r3.out,logs/run_227_chunk_size_static_blocking_r3.err
image_area,static_blocking,3,2,8,4,10,2000,2000,4000000.0,4000000,28.302509791916236,0,logs/run_228_image_area_static_blocking_r3.out,logs/run_228_image_area_static_blocking_r3.err
chunk_size,dynamic_blocking,3,2,8,4,62,1000,1000,1000000,1000000,5.872962906956673,0,logs/run_229_chunk_size_dynamic_blocking_r3.out,logs/run_229_chunk_size_dynamic_blocking_r3.err
image_area,dynamic_blocking,3,2,8,4,10,1764,1764,3113333.3333333335,3111696,13.383013718994334,0,logs/run_230_image_area_dynamic_blocking_r3.out,logs/run_230_image_area_dynamic_blocking_r3.err
nodes,dynamic_nonblocking,3,4,8,2,10,1000,1000,1000000,1000000,5.124332603998482,0,logs/run_231_nodes_dynamic_nonblocking_r3.out,logs/run_231_nodes_dynamic_nonblocking_r3.err
chunk_size,dynamic_blocking,3,2,8,4,3,1000,1000,1000000,1000000,4.92150135198608,0,logs/run_232_chunk_size_dynamic_blocking_r3.out,logs/run_232_chunk_size_dynamic_blocking_r3.err
image_area,static_nonblocking,3,2,8,4,10,1158,1158,1340000.0,1340964,6.37436647596769,0,logs/run_233_image_area_static_nonblocking_r3.out,logs/run_233_image_area_static_nonblocking_r3.err
nodes,static_nonblocking,3,4,8,2,10,1000,1000,1000000,1000000,4.772120552137494,0,logs/run_234_nodes_static_nonblocking_r3.out,logs/run_234_nodes_static_nonblocking_r3.err
image_area,static_blocking,3,2,8,4,10,1158,1158,1340000.0,1340964,10.086757992161438,0,logs/run_235_image_area_static_blocking_r3.out,logs/run_235_image_area_static_blocking_r3.err
image_area,dynamic_nonblocking,3,2,8,4,10,100,100,10000.0,10000,1.072973060188815,0,logs/run_236_image_area_dynamic_nonblocking_r3.out,logs/run_236_image_area_dynamic_nonblocking_r3.err
image_area,dynamic_nonblocking,3,2,8,4,10,673,673,453333.3333333333,452929,2.8698961010668427,0,logs/run_237_image_area_dynamic_nonblocking_r3.out,logs/run_237_image_area_dynamic_nonblocking_r3.err
chunk_size,dynamic_nonblocking,3,2,8,4,62,1000,1000,1000000,1000000,5.873466301010922,0,logs/run_238_chunk_size_dynamic_nonblocking_r3.out,logs/run_238_chunk_size_dynamic_nonblocking_r3.err
image_area,dynamic_blocking,3,2,8,4,10,1634,1634,2670000.0,2669956,11.593794687883928,0,logs/run_239_image_area_dynamic_blocking_r3.out,logs/run_239_image_area_dynamic_blocking_r3.err
image_area,dynamic_blocking,3,2,8,4,10,1886,1886,3556666.6666666665,3556996,14.79487952706404,0,logs/run_240_image_area_dynamic_blocking_r3.out,logs/run_240_image_area_dynamic_blocking_r3.err
